716910498,Sofiya,Guta,"It’s me Sofiya
Let me in
Pls
Kisses
Sofiya"
716910498,Sofiya,Guta,Sof
716910498,Sofiya,Guta,Sofiya
716910498,Sofiya,Guta,Testing
716910498,Sofiya,Guta,Ttttuh
716910498,Sofiya,Guta,Here is my question
716910498,Sofiya,Guta,Zuzu
716910498,Sofiya,Guta,Question
716910498,Sofiya,Guta,Hukhhllc
716910498,Sofiya,Guta,Hzej
716910498,Sofiya,Guta,Question
6184312196,Dario,Ganz,I have a questiom
6184312196,Dario,Ganz,What is your name?
716910498,Sofiya,Guta,Ufbfv
6184312196,Dario,Ganz,Dario der Mittelgrosse
716910498,Sofiya,Guta,Geh
716910498,Sofiya,Guta,yui
6184312196,Dario,Ganz,Dariooo
